"case","cpp_error","r_error","both_rejected"
"component-cycle","No conflict-free floating localization.","Floating parts cannot be attached simultaneously.
✖ No conflict-free acyclic assignment connects every floating component to the
  main tree.",TRUE
"part-substituent-slot-collision","No conflict-free floating localization.","Floating parts and substituents cannot be localized simultaneously.
✖ No conflict-free acyclic assignment exists for the declared parent domains.",TRUE
"exact-256-accepted","","",FALSE
"512-rejected","Floating localization count exceeds max_variants.","Floating localization count exceeds `max_variants`.
✖ Input 1 has 512 raw candidate combinations; the limit is 256.
ℹ Increase `max_variants` to enumerate this input.",TRUE
